{
  "description": "Allen CCFv3 raw vertex (AP,DV,ML \u00b5m) -> TIP-lite voxel (x=DV, y=ML, z=AP). row-major 4x4, p_tip = M @ [p_allen, 1].",
  "matrix": [
    [
      0.0017485485088130834,
      -0.007493389742671602,
      -0.00028956933408166624,
      130.5878047323884
    ],
    [
      -0.0002557327108484763,
      0.00024576769651099627,
      -0.00790413181555609,
      138.94705110496616
    ],
    [
      -0.008379849309804269,
      -0.0019635176825665737,
      0.00021007144128428842,
      223.2159634196512
    ],
    [
      0.0,
      0.0,
      0.0,
      1.0
    ]
  ],
  "quality": {
    "isotropic_scale": 0.007899767470874645,
    "mean_nn_dist_voxel": 2.2338705669061296,
    "median_nn_dist_voxel": 1.8597707531278804,
    "p90_nn_dist_voxel": 4.490899930882747,
    "cortex_diag_voxel": 123.62038666821908
  }
}